{"workscout_tabbed":{"1":[],"2":{"recent":"1","popular":"1","comments":"1","recenttitle":"Recent","populartitle":"Popular","commentstitle":"Comments","number":"3"},"_multiwidget":1},"text":{"1":[],"2":{"title":"Do you have any questions?","text":"<div class=\"widget-box\">\r\n\t\t\t\t<p>If you are having any questions, please feel free to ask.<\/p>\r\n\t\t\t\t<a href=\"https:\/\/wordpress-722045-2428611.cloudwaysapps.com\/contact\/\" class=\"button widget-btn\"><i class=\"fa fa-envelope\"><\/i> Drop Us a Line<\/a>\r\n\t\t\t<\/div>","filter":false},"4":{"title":"Informations","text":"<div class=\"widget-box\">\r\n\t\t<p>Morbi eros bibendum lorem ipsum dolor pellentesque pellentesque bibendum. <\/p>\r\n\r\n\t\t<ul class=\"contact-informations\">\r\n\t\t\t<li>45 Park Avenue, Apt. 303<\/li>\r\n\t\t\t<li>New York, NY 10016 <\/li>\r\n\t\t<\/ul>\r\n\r\n\t\t<ul class=\"contact-informations second\">\r\n\t\t\t<li><i class=\"fa fa-phone\"><\/i> <p>+48 880 440 110<\/p><\/li>\r\n\t\t\t<li><i class=\"fa fa-envelope\"><\/i> <p>mail@example.com<\/p><\/li>\r\n\t\t\t<li><i class=\"fa fa-globe\"><\/i> <p>www.example.com<\/p><\/li>\r\n\t\t<\/ul>\r\n\r\n\t<\/div>","filter":false,"visual":false},"5":{"title":"","text":"","filter":true,"visual":true},"6":{"title":"","text":"","filter":true,"visual":true},"7":{"title":"","text":"","filter":true,"visual":true},"8":{"title":"Informations","text":"<div class=\"widget-box\">\r\n\t\t<p>Morbi eros bibendum lorem ipsum dolor pellentesque pellentesque bibendum. <\/p>\r\n\r\n\t\t<ul class=\"contact-informations\">\r\n\t\t\t<li>45 Park Avenue, Apt. 303<\/li>\r\n\t\t\t<li>New York, NY 10016 <\/li>\r\n\t\t<\/ul>\r\n\r\n\t\t<ul class=\"contact-informations second\">\r\n\t\t\t<li><i class=\"fa fa-phone\"><\/i> <p>+48 880 440 110<\/p><\/li>\r\n\t\t\t<li><i class=\"fa fa-envelope\"><\/i> <p>mail@example.com<\/p><\/li>\r\n\t\t\t<li><i class=\"fa fa-globe\"><\/i> <p>www.example.com<\/p><\/li>\r\n\t\t<\/ul>\r\n\r\n\t<\/div>","filter":true,"visual":true},"9":{"title":"Informations","text":"<div class=\"widget-box\">\r\n\t\t<p>Morbi eros bibendum lorem ipsum dolor pellentesque pellentesque bibendum. <\/p>\r\n\r\n\t\t<ul class=\"contact-informations\">\r\n\t\t\t<li>45 Park Avenue, Apt. 303<\/li>\r\n\t\t\t<li>New York, NY 10016 <\/li>\r\n\t\t<\/ul>\r\n\r\n\t\t<ul class=\"contact-informations second\">\r\n\t\t\t<li><i class=\"fa fa-phone\"><\/i> <p>+48 880 440 110<\/p><\/li>\r\n\t\t\t<li><i class=\"fa fa-envelope\"><\/i> <p>mail@example.com<\/p><\/li>\r\n\t\t\t<li><i class=\"fa fa-globe\"><\/i> <p>www.example.com<\/p><\/li>\r\n\t\t<\/ul>\r\n\r\n\t<\/div>","filter":true,"visual":true},"10":{"title":"Our Office","text":"Riverside Building, Londo SE1 7PB, UK\r\nPhone (123) 123-456\r\n<a href=\"#\">mail@example.com<\/a>","filter":true,"visual":true},"_multiwidget":1},"search":{"_multiwidget":1,"3":{"title":""}},"nav_menu":{"_multiwidget":1,"1":[],"2":{"title":"For Candidates","nav_menu":184},"3":{"title":"For Employers","nav_menu":185},"4":{"title":"Other","nav_menu":186},"5":{"title":"Legal","nav_menu":2313},"6":{"title":"For Candidates","nav_menu":184}},"widget_bookmarks_share":{"_multiwidget":1,"3":{"title":"Bookmarks & Share","bookmarks":"on","share":"on"},"4":{"title":"Bookmarks & Share","bookmarks":"on","share":"on"},"5":{"title":"Bookmarks & Share","bookmarks":"","share":"on"}},"wp_subscribe":{"2":{"title":"Sign Up For a Newsletter","service":"feedburner","aweber_consumer_key":"","aweber_consumer_secret":"","aweber_access_key":"","aweber_access_secret":"","aweber_account_id":"","aweber_list_id":"none","feedburner_id":"234234324","mailchimp_api_key":"","mailchimp_list_id":"none","mailchimp_double_optin":"0","include_name_field":"0","text":"Weekly breaking news, analysis and cutting edge advices on job searching.","name_placeholder":"Enter your name here","email_placeholder":"Enter your email here","consent_text":"","button_text":"Subscribe","success_message":"Thank you for subscription!","error_message":"Something went wrong.","footer_text":""},"_multiwidget":1},"pt-social-icons":{"1":[],"2":{"title":"","icons":{"twitter":"#","facebook":"#","linkedin":"#","gplus":"#"},"size":"","bg_color":"#F2F2F2","icons_color":"#A0A0A0","target":"_self"},"_multiwidget":1}}